Track	Album	Artist	Year	Category
Somewhat Damaged	The Fragile, Disc 1	Nine Inch Nails	1999	Music
The Day the World Went Away	The Fragile, Disc 1	Nine Inch Nails	1999	Music
The Frail	The Fragile, Disc 1	Nine Inch Nails	1999	Music
The Wretched	The Fragile, Disc 1	Nine Inch Nails	1999	Music
We're in This Together	The Fragile, Disc 1	Nine Inch Nails	1999	Music
The Fragile	The Fragile, Disc 1	Nine Inch Nails	1999	Music
Just Like You Imagined	The Fragile, Disc 1	Nine Inch Nails	1999	Music
Even Deeper	The Fragile, Disc 1	Nine Inch Nails	1999	Music
Pilgrimage	The Fragile, Disc 1	Nine Inch Nails	1999	Music
No, You Don't	The Fragile, Disc 1	Nine Inch Nails	1999	Music
La Mer	The Fragile, Disc 1	Nine Inch Nails	1999	Music
The Great Below	The Fragile, Disc 1	Nine Inch Nails	1999	Music
The Way Out Is Through	The Fragile, Disc 2	Nine Inch Nails	1999	Music
Into the Void	The Fragile, Disc 2	Nine Inch Nails	1999	Music
Where Is Everybody?	The Fragile, Disc 2	Nine Inch Nails	1999	Music
The Mark Has Been Made	The Fragile, Disc 2	Nine Inch Nails	1999	Music
Please	The Fragile, Disc 2	Nine Inch Nails	1999	Music
Starfuckers, Inc.	The Fragile, Disc 2	Nine Inch Nails	1999	Music
Complication	The Fragile, Disc 2	Nine Inch Nails	1999	Music
I'm Looking Forward to Joining You, Finally	The Fragile, Disc 2	Nine Inch Nails	1999	Music
The Big Come Down	The Fragile, Disc 2	Nine Inch Nails	1999	Music
Underneath It All	The Fragile, Disc 2	Nine Inch Nails	1999	Music
Ripe (With Decay)	The Fragile, Disc 2	Nine Inch Nails	1999	Music
Super '70s	That Was Then, This Is Now	Andy Timmons	2002	Music
Pink Champagne Sparkle	That Was Then, This Is Now	Andy Timmons	2002	Music
Falling Down	That Was Then, This Is Now	Andy Timmons	2002	Music
Beautiful, Strange	That Was Then, This Is Now	Andy Timmons	2002	Music
Turn Away	That Was Then, This Is Now	Andy Timmons	2002	Music
I Remember Stevie	That Was Then, This Is Now	Andy Timmons	2002	Music
Cry for You	That Was Then, This Is Now	Andy Timmons	2002	Music
Farmer Sez	That Was Then, This Is Now	Andy Timmons	2002	Music
Electric Gypsy	That Was Then, This Is Now	Andy Timmons	2002	Music
It's Getting Better	That Was Then, This Is Now	Andy Timmons	2002	Music
That Was Then, This Is Now	That Was Then, This Is Now	Andy Timmons	2002	Music
Groove or Die	That Was Then, This Is Now	Andy Timmons	2002	Music
A Night to Remember	That Was Then, This Is Now	Andy Timmons	2002	Music
Carpe Diem	That Was Then, This Is Now	Andy Timmons	2002	Music
Donna Lee (Twist -Live!)	That Was Then, This Is Now	Andy Timmons	2002	Music
Slips Away (Dedicated to George Harrison)	That Was Then, This Is Now	Andy Timmons	2002	Music
Keeping the Blade	Good Apollo, I'm Burning Star IV, Volume One: From Fear Through the Eyes of Madness	Coheed and Cambria	2005	Music
Always & Never	Good Apollo, I'm Burning Star IV, Volume One: From Fear Through the Eyes of Madness	Coheed and Cambria	2005	Music
Welcome Home	Good Apollo, I'm Burning Star IV, Volume One: From Fear Through the Eyes of Madness	Coheed and Cambria	2005	Music
Ten Speed (of God's Blood & Burial)	Good Apollo, I'm Burning Star IV, Volume One: From Fear Through the Eyes of Madness	Coheed and Cambria	2005	Music
Crossing the Frame	Good Apollo, I'm Burning Star IV, Volume One: From Fear Through the Eyes of Madness	Coheed and Cambria	2005	Music
Apollo I: The Writing Writer	Good Apollo, I'm Burning Star IV, Volume One: From Fear Through the Eyes of Madness	Coheed and Cambria	2005	Music
Once Upon Your Dead Body	Good Apollo, I'm Burning Star IV, Volume One: From Fear Through the Eyes of Madness	Coheed and Cambria	2005	Music
Wake Up	Good Apollo, I'm Burning Star IV, Volume One: From Fear Through the Eyes of Madness	Coheed and Cambria	2005	Music
The Suffering	Good Apollo, I'm Burning Star IV, Volume One: From Fear Through the Eyes of Madness	Coheed and Cambria	2005	Music
The Lying Lies & Dirty Secrets of Miss Erica Court	Good Apollo, I'm Burning Star IV, Volume One: From Fear Through the Eyes of Madness	Coheed and Cambria	2005	Music
Mother May I	Good Apollo, I'm Burning Star IV, Volume One: From Fear Through the Eyes of Madness	Coheed and Cambria	2005	Music
The Willing Well I: Fuel for the Feeding End	Good Apollo, I'm Burning Star IV, Volume One: From Fear Through the Eyes of Madness	Coheed and Cambria	2005	Music
The Willing Well II: From Fear Through the Eyes of Madness	Good Apollo, I'm Burning Star IV, Volume One: From Fear Through the Eyes of Madness	Coheed and Cambria	2005	Music
The Willing Well III: Apollo II: The Telling Truth	Good Apollo, I'm Burning Star IV, Volume One: From Fear Through the Eyes of Madness	Coheed and Cambria	2005	Music
The Willing Well IV: The Final Cut	Good Apollo, I'm Burning Star IV, Volume One: From Fear Through the Eyes of Madness	Coheed and Cambria	2005	Music
